16CSE001,110-001-16,Rakib,Rakibfname,Rakibmname,rakib@gmail.com,12177172871,7th,CSE,Science and Engineering
16CSE001,110-001-16,Rakib,Rakibfname,Rakibmname,rakib@gmail.com,12177172871,7th,CSE,Science and Engineering
16CSE001,110-001-16,Rakib,Rakibfname,Rakibmname,rakib@gmail.com,12177172871,7th,CSE,Science and Engineering
16CSE001,110-001-16,Rakib,Rakibfname,Rakibmname,rakib@gmail.com,12177172871,7th,CSE,Science and Engineering
16CSE001,110-001-16,Rakib,Rakibfname,Rakibmname,rakib@gmail.com,12177172871,7th,CSE,Science and Engineering
16CSE001,110-001-16,Rakib,Rakibfname,Rakibmname,rakib@gmail.com,12177172871,7th,CSE,Science and Engineering
16CSE001,110-001-16,Rakib,Rakibfname,Rakibmname,rakib@gmail.com,12177172871,7th,CSE,Science and Engineering
16CSE001,110-001-16,Rakib,Rakibfname,Rakibmname,rakib@gmail.com,12177172871,7th,CSE,Science and Engineering
16CSE001,110-001-16,Rakib,Rakibfname,Rakibmname,rakib@gmail.com,12177172871,7th,CSE,Science and Engineering
16CSE001,110-001-16,Rakib,Rakibfname,Rakibmname,rakib@gmail.com,12177172871,7th,CSE,Science and Engineering
16CSE001,110-001-16,Rakib,Rakibfname,Rakibmname,rakib@gmail.com,12177172871,7th,CSE,Science and Engineering
16CSE001,110-001-16,Rakib,Rakibfname,Rakibmname,rakib@gmail.com,12177172871,7th,CSE,Science and Engineering
16CSE001,110-001-16,Rakib,Rakibfname,Rakibmname,rakib@gmail.com,12177172871,7th,CSE,Science and Engineering
16CSE001,110-001-16,Rakib,Rakibfname,Rakibmname,rakib@gmail.com,12177172871,7th,CSE,Science and Engineering
16CSE001,110-001-16,Rakib,Rakibfname,Rakibmname,rakib@gmail.com,12177172871,7th,CSE,Science and Engineering
16CSE001,110-001-16,Rakib,Rakibfname,Rakibmname,rakib@gmail.com,12177172871,7th,CSE,Science and Engineering
16CSE001,110-001-16,Rakib,Rakibfname,Rakibmname,rakib@gmail.com,12177172871,7th,CSE,Science and Engineering
16CSE001,110-001-16,Rakib,Rakibfname,Rakibmname,rakib@gmail.com,12177172871,7th,CSE,Science and Engineering
16CSE001,110-001-16,Rakib,Rakibfname,Rakibmname,rakib@gmail.com,12177172871,7th,CSE,Science and Engineering
16CSE001,110-001-16,Rakib,Rakibfname,Rakibmname,rakib@gmail.com,12177172871,7th,CSE,Science and Engineering
16CSE001,110-001-16,Rakib,Rakibfname,Rakibmname,rakib@gmail.com,12177172871,7th,CSE,Science and Engineering
16CSE001,110-001-16,Rakib,Rakibfname,Rakibmname,rakib@gmail.com,12177172871,7th,CSE,Science and Engineering
16CSE001,110-001-16,Rakib,Rakibfname,Rakibmname,rakib@gmail.com,12177172871,7th,CSE,Science and Engineering
16CSE001,110-001-16,Rakib,Rakibfname,Rakibmname,rakib@gmail.com,12177172871,7th,CSE,Science and Engineering
16CSE001,110-001-16,Rakib,Rakibfname,Rakibmname,rakib@gmail.com,12177172871,7th,CSE,Science and Engineering
16CSE001,110-001-16,Rakib,Rakibfname,Rakibmname,rakib@gmail.com,12177172871,7th,CSE,Science and Engineering
16CSE001,110-001-16,Rakib,Rakibfname,Rakibmname,rakib@gmail.com,12177172871,7th,CSE,Science and Engineering